FID,School Name,Governance,Authorizer,Operator,Capacity,Count_2015,Grade_conf,Type,Open_Date,Label,MSTEP_2015,MSTEP_2016,MSTEP2015,MSTEP2016,Location
1,Academy of The Americas,DPSCD, , ,1034,803,K-8,Elementary/Middle,1/1/1900, ,5.4,5.0,5.4,5,"5680 Konkel St
Detroit 48210
(42.3270550004, -83.1107549997)"
2,Ann Arbor Trail Magnet School,DPSCD, , ,626,345,K-8,Elementary/Middle,1/1/1900, ,6.2,5.9,6.2,5.9,"7635 Chatham
Detroit 48239
(42.3470849996, -83.2609959998)"
3,Hope Academy,Charter,Eastern Michigan University,Self-managed,0,0,K-8,Elementary/Middle,8/24/1998, ,9.5,8.6,9.5,8.6,"12121 Broadstreet
Detroit 48204
(42.3793649998, -83.135275)"
4,ASA Higher Learning Preparatory,Independent, , ,0,0,K-3,Elementary,7/1/2012, ,-,-,0,0,"20433 Livernois Ave
Detroit 48221
(42.4442489999, -83.1422960001)"
5,Hope of Detroit Academy,Charter,Ferris State University,Leona Group,0,0,K-8,Elementary/Middle,9/1/1999, ,27.4,22.9,27.4,22.9,"4443 N Campbell St
Detroit 48210
(42.3347839998, -83.1168799998)"
6,Bagley Elementary School,DPSCD, , ,596,347,K-6,Elementary,1/1/1900, ,3.7,3.3,3.7,3.3,"8100 Curtis St
Detroit 48221
(42.4247387408, -83.1521944115)"
7,Hutchinson Elementary-Middle School at Howe,DPSCD, , ,745,362,K-8,Elementary/Middle,1/1/1900, ,7.7,6.5,7.7,6.5,"2600 Garland
Detroit 48214
(42.3696430002, -82.9829100001)"
8,Bates Academy,DPSCD, , ,1210,791,K-8,Elementary/Middle,1/1/1900, ,38.3,36.3,38.3,36.3,"19701 Wyoming Ave
Detroit 48221
(42.4378131999, -83.1622306253)"
9,MacDowell Preparatory Academy,DPSCD Charter,Detroit City School District,SABIS,0,359,K-8,Elementary/Middle,1/1/1900, ,6.7,8.0,6.7,8,"4201 W Outer Dr
Detroit 48221
(42.4342350003, -83.1660350003)"
10,"Carson, Benjamin High School for Science and Medicine",DPSCD, , ,594,403,9-12,High,7/1/2011, ,10.6,7.0,10.6,7,"571 Mack
Detroit 48201
(42.3509676741, -83.0517856958)"
11,Bennett Elementary School,DPSCD, , ,697,443,K-8,Elementary/Middle,1/1/1900, ,9.1,7.3,9.1,7.3,"2111 Mulane
Detroit 48209
(42.3093159998, -83.1293310002)"
12,Jalen Rose Leadership Academy,Charter,Central Michigan University,American Promise Schools,0,0,9-12,High,9/6/2011, ,8.5,5.9,8.5,5.9,"15000 Trojan Street
Detroit 48235
(42.4419930002, -83.1947289997)"
13,Blackwell Institute,DPSCD, , ,808,325,K-8,Elementary/Middle,9/1/2001, ,3.6,2.1,3.6,2.1,"9330 Shoemaker
Detroit 48213
(42.3891880004, -83.0053750001)"
14,"White, Jerry L. Center",DPSCD, , ,660,205,9-12,High,7/1/2005, ,-,-,0,0,"14804 W McNichols Rd
Detroit 48235
(42.4164090003, -83.1921280003)"
15,Blanche Kelso Bruce Academy - St. Thomas Site,Charter,Wayne RESA,Self-managed,0,0,K-12,All Grades,9/8/2009, ,-,-,0,0,"8333 Townsend St
Detroit 48213
(42.3891630002, -83.0243710001)"
16,Joy Preparatory Academy,Charter,Ferris State University,Leona Group,0,0,3-8th,Elementary/Middle,9/1/2003, ,9.5,10.9,9.5,10.9,"15055 Dexter
Detroit 48221
(42.4014419136, -83.1359173651)"
17,Blanche Kelso Bruce Academy - West (Cecil Site),Charter,Wayne RESA,Self-managed,0,0,K-12,All Grades,1/11/2010, ,-,5.8,0,5.8,"5690 Cecil St
Detroit 48210
(42.3381959997, -83.1368780002)"
18,Keidan Special Education School,DPSCD, , ,492,136,K-8,Alternative,7/1/2005, ,-,-,0,0,"4441 Collingwood
Detroit 48204
(42.3742490004, -83.128547)"
19,Blanche Kelso Bruce Academy-Connor,Charter,Wayne RESA,Evans Solutions,0,0,K-12,All Grades,10/7/2002, ,-,-,0,0,"5555 Conner Avenue
Detroit 48213
(42.3926999996, -82.9829750004)"
20,King High School,DPSCD, , ,1656,1493,9-12,High,1/1/1900, ,3.2,3.5,3.2,3.5,"3200 E Lafayette St
Detroit 48207
(42.343037, -83.0158090001)"
21,Blanche Kelso Bruce Academy-DePaul,Charter,Wayne RESA,Evans Solutions,0,0,K-12,All Grades,8/13/2005, ,-,-,0,0,"609 East Grand Blvd
Detroit 48207
(42.3597140001, -83.0108049996)"
22,"King, John R. Academic and Performing Arts Academy",DPSCD, , ,1320,836,K-8,Elementary/Middle,1/1/1900, ,2.1,3.2,2.1,3.2,"15850 Strathmoor St
Detroit 48227
(42.4086510004, -83.1866009999)"
23,Blanche Kelso Bruce Academy-St. Antoine,Charter,Wayne RESA,Evans Solutions,0,0,5-12th,Middle/High,9/5/2006, ,-,-,0,0,"1326 St. Antoine
Detroit 48226
(42.3370619996, -83.0405400002)"
24,Law Elementary School,EAA, , ,0,0,K-8,Elementary/Middle,1/1/1900,Law,3.0,3.1,3,3.1,"19411 Cliff St
Detroit 48234
(42.4377790001, -83.0293070002)"
25,Bow Elementary-Middle School,DPSCD, , ,804,517,K-8,Elementary/Middle,1/1/1900, ,4.6,3.8,4.6,3.8,"19801 Prevost
Detroit 48235
(42.4367840001, -83.2047699996)"
26,Legacy Charter Academy,Charter,Grand Valley State University,National Heritage Academies,0,0,K-8,Elementary/Middle,9/7/2010, ,13.8,12.8,13.8,12.8,"4900 E Hildale St
Detroit 48234
(42.4291470004, -83.054342)"
27,Breithaupt Career and Technical Center,DPSCD, , ,616,0,9-12,CTC,#N/A, ,-,-,0,0,"9300 Hubbell Ave
Detroit 48228
(42.3635879998, -83.1866569998)"
28,Lincoln-King Academy,Charter,Grand Valley State University,Cornerstone Charter Schools,0,0,K-8,Elementary/Middle,9/9/2009, ,8.5,12.3,8.5,12.3,"13436 Grove St
Detroit 48235
(42.4143279996, -83.1778500002)"
29,Brenda Scott Academy for Theatre Arts,EAA, , ,0,0,K-8,Elementary/Middle,8/18/2003,Brenda Scott,3.9,5.4,3.9,5.4,"18440 Hoover St
Detroit 48205
(42.4291450003, -83.0032649999)"
30,Loyola High School,Independent, , ,0,0,9-12,High,1/1/1900, ,-,-,0,0,"15325 Pinehurst
Detroit 48238
(42.4032359998, -83.1668379996)"
31,Brewer Academy,DPSCD, , ,812,476,K-8,Elementary/Middle,8/1/2009, ,3.6,3.7,3.6,3.7,"18025 Brock
Detroit 48205
(42.4286770003, -82.9634189997)"
32,Ludington Magnet Middle School,DPSCD, , ,1125,333,5-8,Middle,1/1/1900, ,11.4,8.1,11.4,8.1,"19051 Berg Rd
Detroit 48219
(42.4349930002, -83.2691639996)"
33,"Brown, Ronald Academy",DPSCD, , ,1161,627,K-6,Elementary,1/1/1900, ,10.1,7.4,10.1,7.4,"11530 Outer Dr
Detroit 48224
(42.404643, -82.9473620003)"
34,Mackenzie Elementary-Middle School,DPSCD, , ,1064,1045,K-8,Elementary/Middle,7/1/2012, ,3.8,2.1,3.8,2.1,"10147 W Chicago
Detroit 48204
(42.3652259998, -83.1595439996)"
35,Bunche Preparatory Academy,DPSCD, , ,1167,501,K-8,Elementary/Middle,1/1/1900, ,5.7,4.7,5.7,4.7,"2715 Macomb
Detroit 48207
(42.3442950004, -83.0239939998)"
36,Madison-Carver Academy,Charter,Grand Valley State University,Cornerstone Charter Schools,0,0,K-8,Elementary/Middle,7/1/2012, ,11.9,10.9,11.9,10.9,"19900 McIntyre Street
Detroit 48219
(42.4369640003, -83.2629360002)"
37,Burns Elementary-Middle School,EAA, , ,0,0,K-8,Elementary/Middle,1/1/1900,Burns,2.5,2.4,2.5,2.4,"14350 Terry St
Detroit 48227
(42.3935179996, -83.1911809998)"
38,Mann Learning Community,DPSCD, , ,492,359,K-5,Elementary,1/1/1900, ,3.4,5.2,3.4,5.2,"19625 Elmira
Detroit 48228
(42.3690020003, -83.2343329996)"
39,Burton International Academy,DPSCD, , ,1038,611,K-8,Elementary/Middle,1/1/1900, ,23.0,22.5,23,22.5,"2001 Martin Luther King
Detroit 48208
(42.3394370003, -83.0780909998)"
40,Twain School for Scholars,DPSCD, , ,936,240,K-8,Elementary/Middle,1/1/1900, ,16.2,11.6,16.2,11.6,"12800 Visger
Detroit 48217
(42.2693270002, -83.1623779998)"
41,Capstone Academy Charter School (SDA) - North Campus,DPSCD Charter,Detroit City School District,edtec central,0,0,K-12,All Grades,7/7/2013, ,-,-,0,0,"5250 John R St
Detroit 48202
(42.359907, -83.0632240004)"
42,Marquette Elementary-Middle School,DPSCD, , ,1233,587,K-8,Elementary/Middle,1/1/1900, ,2.6,2.3,2.6,2.3,"6145 Canyon St
Detroit 48236
(42.4195939997, -82.9227130003)"
43,Capstone Academy Charter School (SDA) - South Campus,DPSCD Charter,Detroit City School District,edtec central,0,0,K-12,All Grades,8/1/2012, ,-,-,0,0,"3500 John R St
Detroit 48201
(42.3474609998, -83.0552959999)"
44,"Marshall, Thurgood Elementary School",DPSCD, , ,781,540,K-8,Elementary/Middle,1/1/1900, ,3.8,3.0,3.8,3,"15531 Linwood St
Detroit 48238
(42.4060180004, -83.127903)"
45,Carleton Elementary School,DPSCD, , ,640,310,K-8,Elementary/Middle,1/1/1900, ,9.3,6.1,9.3,6.1,"11724 Casino Ave
Detroit 48224
(42.4270429996, -82.945836)"
46,"Martin Luther King, Jr. Education Center Academy",DPSCD Charter,Detroit City School District,Self-managed,0,402,K-8,Elementary/Middle,10/1/1995, ,28.7,31.8,28.7,31.8,"16827 Appoline St
Detroit 48235
(42.4145530001, -83.1713619996)"
47,Carstens Academy of Aquatic Science at Remus,DPSCD, , ,785,360,K-8,Elementary/Middle,1/1/1900, ,3.6,3.8,3.6,3.8,"13000 Essex
Detroit 48215
(42.3636629996, -82.9476930002)"
48,Marvin L. Winans Academy of Performing Arts,Charter,Saginaw Valley State University,Solid Rock,0,0,K-8,Elementary/Middle,9/7/2006, ,11.6,10.5,11.6,10.5,"9740 McKinney St
Detroit 48234
(42.4133912001, -82.9470219)"
49,Carver STEM Academy,DPSCD, , ,668,324,K-8,Elementary/Middle,1/1/1900, ,7.6,6.9,7.6,6.9,"18701 Paul
Detroit 48228
(42.3356700002, -83.2234700004)"
50,Mary McLeod Bethune Elementary-Middle School,EAA, , ,0,0,K-8,Elementary/Middle,1/1/1900,Bethune,3.3,4.4,3.3,4.4,"8145 Puritan Ave
Detroit 48238
(42.4018879997, -83.1730940003)"
51,Cass Technical High School,DPSCD, , ,2286,2371,9-12,High,1/1/1900, ,29.4,15.9,29.4,15.9,"2501 2nd Ave
Detroit 48201
(42.3389900004, -83.0599410001)"
52,Mason Elementary School,DPSCD, , ,974,434,K-8,Elementary/Middle,1/1/1900, ,3.6,2.3,3.6,2.3,"19955 Fenelon Street
Detroit 48234
(42.4420989997, -83.0548980004)"
53,Central Collegiate Academy,EAA, , ,1699,0,9-12,High,1/1/1900,Central,6.6,2.2,6.6,2.2,"2425 Tuxedo St
Detroit 48206
(42.3837850004, -83.1120500001)"
54,Maybury Elementary School,DPSCD, , ,542,338,K-5,Elementary,1/1/1900, ,7.8,8.8,7.8,8.8,"4410 Porter St
Detroit 48209
(42.3165729999, -83.0937079996)"
55,Cesar Chavez Academy - Elementary East,Charter,Saginaw Valley State University,Leona Group,0,0,K-5,Elementary,7/1/2013, ,23.4,23.7,23.4,23.7,"4130 Maxwell St
Detroit 48214
(42.3705810003, -83.0062530001)"
56,Cody - Medicine and Community Health Academy,DPSCD, , ,0,0,9-12,High,7/1/2009, ,5.8,0.6,5.8,0.6,"18445 Cathedral
Detroit 48228
(42.3607799998, -83.2212329998)"
57,Cesar Chavez Academy Elementary,Charter,Saginaw Valley State University,Leona Group,0,0,PreK-2,Elementary,9/3/1996, ,-,-,0,0,"8126 Vernor Hwy
Detroit 48209
(42.3110489997, -83.1293930004)"
58,Michigan Technical Academy Elementary,Charter,Central Michigan University,Midwest Management Group Inc.,0,0,K-4,Elementary/Middle,9/1/2002, ,9.0,6.1,9,6.1,"19940 Mansfield St
Detroit 48235
(42.4377420002, -83.2061680003)"
59,Cesar Chavez Academy Intermediate,Charter,Saginaw Valley State University,Leona Group,0,0,3-5th,Elementary,9/8/2009, ,16.6,21.6,16.6,21.6,"4100 Martin Rd
Detroit 48210
(42.3290020002, -83.1252200004)"
60,Most Holy Trinity School,Independent, , ,0,0,K-8,Elementary/Middle,1/1/1900, ,-,-,0,0,"1229 Labrosse St
Detroit 48226
(42.3299020004, -83.0614929997)"
61,Cesar Chavez Academy High,Charter,Saginaw Valley State University,Leona Group,0,0,9-12,High,10/1/2002, ,14.8,19.8,14.8,19.8,"1761 Waterman St
Detroit 48209
(42.3121690001, -83.1142220004)"
62,Mumford High School,EAA, , ,0,0,9-12,High,1/1/1900,Mumford,3.7,2.7,3.7,2.7,"17525 Wyoming Ave
Detroit 48221
(42.4214810003, -83.1641909998)"
63,Cesar Chavez Academy Middle,Charter,Saginaw Valley State University,Leona Group,0,0,6-8th,Middle,12/15/1997, ,11.7,12.0,11.7,12,"6782 Goldsmith St
Detroit 48209
(42.3114629999, -83.1152090001)"
64,Munger Elementary-Middle School,DPSCD, , ,1064,889,K-8,Elementary/Middle,7/1/2012, ,11.8,8.0,11.8,8,"5225 Martin Rd
Detroit 48210
(42.3372540004, -83.1327470004)"
65,Drew Transition Center,DPSCD, , ,500,535,Adult,Alternative,7/1/2011, ,-,-,0,0,"9600 Wyoming
Detroit 48204
(42.3671510004, -83.157076)"
66,Murphy Performance Academy,EAA Charter,Education Achievement System-EAS,Performance Academies,0,0,K-8,Elementary/Middle,1/1/1900, ,8.5,8.2,8.5,8.2,"23901 Fenkell Ave
Detroit 48223
(42.398968, -83.2747219996)"
67,Charlotte Mason Community School,Independent, , ,0,0,K-8,Elementary/Middle,9/15/2006, ,-,-,0,0,"1419 W Warren Ave
Detroit 48208
(42.3520249999, -83.0776680001)"
68,Neinas Dual Language Learning Academy,DPSCD, , ,499,258,K-8,Elementary/Middle,1/1/1900, ,6.4,6.2,6.4,6.2,"6021 McMillan
Detroit 48209
(42.3173040004, -83.1071810004)"
69,Christ the King School,Independent, , ,0,0,K-8,Elementary/Middle,1/1/1900, ,-,-,0,0,"16800 Trinity St
Detroit 48219
(42.4135620003, -83.2482259999)"
70,New Paradigm Glazer Academy,DPSCD Charter,Detroit City School District,New Paradigm for Education,0,198,K-8,Elementary/Middle,9/6/2011, ,26.4,17.9,26.4,17.9,"2001 La Belle Street
Detroit 48238
(42.3988020004, -83.1176320003)"
71,Chrysler Elementary School,DPSCD, , ,160,165,K-5,Elementary,1/1/1900, ,30.1,28.5,30.1,28.5,"1445 E Lafayette St
Detroit 48207
(42.3384760001, -83.0336720001)"
72,New Paradigm Loving Academy,DPSCD Charter,Detroit City School District,New Paradigm for Education,0,214,K-8,Elementary/Middle,9/6/2011, ,16.1,13.7,16.1,13.7,"1000 Lynn St
Detroit 48211
(42.391344, -83.0755500004)"
73,"Clark, J.E. Preparatory Academy",DPSCD, , ,789,658,K-8,Elementary/Middle,7/1/2009, ,3.2,2.7,3.2,2.7,"15755 Bremen St
Detroit 48224
(42.3941930001, -82.9411200002)"
74,Nichols Elementary-Middle School,DPSCD, , ,481,286,K-8,Elementary/Middle,1/1/1900, ,5.5,4.1,5.5,4.1,"3000 Burns Ave
Detroit 48214
(42.3670850001, -82.9982739999)"
75,Noble Elementary-Middle School,DPSCD, , ,1030,491,K-8,Elementary/Middle,1/1/1900, ,2.8,5.0,2.8,5,"8646 Fullerton St
Detroit 48238
(42.3811429999, -83.1559550004)"
76,"Clemente, Roberto Academy",DPSCD, , ,862,719,K-5,Elementary,1/1/1900, ,14.9,13.1,14.9,13.1,"1551 Beard St
Detroit 48209
(42.3093509996, -83.1157079997)"
77,Nolan Elementary-Middle School,EAA, , ,0,0,K-8,Elementary/Middle,1/1/1900,Nolan,4.5,9.3,4.5,9.3,"1150 East Lantz St
Detroit 48203
(42.4366080001, -83.0917500002)"
78,Clippert Academy,DPSCD, , ,626,514,5-8,Middle,1/1/1900, ,15.4,11.4,15.4,11.4,"1981 McKinstry St
Detroit 48209
(42.3207720002, -83.0982149997)"
79,Oakland International Academy - Elementary,Charter,Saginaw Valley State University,"Education Management and Networks, Inc.",0,0,2-4th,Elementary/Middle,9/15/2003, ,15.3,17.5,15.3,17.5,"4001 Miller St
Detroit 48211
(42.3908309998, -83.040711)"
80,Cody - Academy of Public Leadership,DPSCD, , ,702.666667,316,9-12,High,7/1/2009, ,2.5,0.8,2.5,0.8,"18445 Cathedral
Detroit 48228
(42.3607799998, -83.2212329998)"
81,Oakland International Academy,Charter,Saginaw Valley State University,"Education Management and Networks, Inc.",0,0,K-4,Elementary,9/1/1999, ,15.3,17.5,15.3,17.5,"6111 Miller St
Detroit 48211
(42.3908149999, -83.0406879999)"
82,Communication and Media Arts HS,DPSCD, , ,763,601,9-12,High,1/1/1900, ,26.4,11.2,26.4,11.2,"14771 Mansfield
Detroit 48227
(42.3981780004, -83.2055729998)"
83,Oakland International Academy-Middle,Charter,Saginaw Valley State University,"Education Management and Networks, Inc.",0,0,5-8th,Middle,9/24/2007, ,13.0,17.6,13,17.6,"8228 Conant St
Detroit 48211
(42.3899179999, -83.0430069998)"
84,Cooke STEM Academy,DPSCD, , ,420,259,K-6,Elementary,1/1/1900, ,6.5,8.4,6.5,8.4,"18800 Puritan Ave
Detroit 48223
(42.4085710004, -83.2259289996)"
85,Old Redford Academy - Elementary,Charter,Central Michigan University,Innovative Teaching Solutions,0,0,K-8,Elementary/Middle,9/1/1999, ,11.1,13.6,11.1,13.6,"17195 Redford St
Detroit 48219
(42.4160439996, -83.2604689997)"
86,Cornerstone Health and Technology School,Charter,Grand Valley State University,Cornerstone Charter Schools,0,0,9-12th,High,8/28/2012, ,10.0,11.5,10,11.5,"17351 Southfield Fwy
Detroit 48235
(42.417964, -83.2193860001)"
87,Old Redford Academy - High,Charter,Central Michigan University,Innovative Teaching Solutions,0,0,9-12,High,9/1/2004, ,12.1,3.4,12.1,3.4,"8001 Outer Dr
Detroit 48235
(42.4185350003, -83.2165810002)"
88,Cornerstone Leadership & Business High School,Independent, , ,0,0,9-12,High,9/6/2011, ,-,-,0,0,"6861 E Nevada St
Detroit 48234
(42.4279120001, -83.0301890004)"
89,Old Redford Academy - Middle,Charter,Central Michigan University,Innovative Teaching Solutions,0,0,K-8,Elementary/Middle,9/1/2004, ,13.0,13.3,13,13.3,"22122 W McNicoles Rd
Detroit 48219
(42.4153629997, -83.2597069997)"
90,Cornerstone Nevada Middle,Independent, , ,0,0,K-8,Elementary/Middle,1/1/1900, ,-,-,0,0,"6861 E Nevada St
Detroit 48234
(42.4279120001, -83.0301890004)"
91,"Osborn Collegiate Academy of Mathematics, Science and Technology",DPSCD, , ,630.333333,262,9-12,High,7/1/2009, ,2.7,0.0,2.7,0,"11600 E 7 Mile
Detroit 48205
(42.4337870004, -83.0035719996)"
92,Cornerstone School--Nevada Primary,Independent, , ,0,0,K-8,Elementary/Middle,11/10/1998, ,-,-,0,0,"6861 E Nevada St
Detroit 48234
(42.4279120001, -83.0301890004)"
93,Osborn College Preparatory Academy,DPSCD, , ,630.333333,271,9-12,High,7/1/2009, ,1.7,3.9,1.7,3.9,"11600 E 7 Mile
Detroit 48205
(42.4337870004, -83.0035719996)"
94,Covenant House Academy Detroit - East Site,Charter,Grand Valley State University,Youth Visions Solutions,0,0,9-12,High,9/26/2005, ,-,6.3,0,6.3,"7600 Goethe St
Detroit 48214
(42.363359, -83.0075250003)"
95,Osborn Evergreen Academy of Design and Alternative Energy,DPSCD, , ,630.333333,256,9-12,High,7/1/2009, ,2.7,1.7,2.7,1.7,"11600 E 7 Mile
Detroit 48205
(42.4337870004, -83.0035719996)"
189,Western International High School,DPSCD, , ,2367,1774,9-12,High,1/1/1900, ,8.0,8.5,8,8.5,"1500 Scotten Ave
Detroit 48209
(42.3190140001, -83.091883)"
96,Covenant House Academy Detroit - Southwest Site,Charter,Grand Valley State University,Youth Visions Solutions,0,0,9-12,High,9/26/2005, ,-,10.0,0,10,"1450 25th St
Detroit 48209
(42.320493, -83.0853160002)"
97,Palmer Park Preparatory Academy,DPSCD, , ,1115,480,K-8,Elementary/Middle,9/1/2001, ,4.4,5.6,4.4,5.6,"3901 Margareta
Detroit 48221
(42.4271730002, -83.138785)"
98,Covenant House Academy Detroit -Central Site,Charter,Grand Valley State University,Youth Visions Solutions,0,0,9-12,High,1/10/2006, ,8.7,5.0,8.7,5,"2959 Martin Luther King Jr Blvd
Detroit 48208
(42.3359460003, -83.0887660002)"
99,Pasteur Elementary School,DPSCD, , ,607,393,K-6,Elementary,1/1/1900, ,18.1,13.5,18.1,13.5,"19811 Stoepel St
Detroit 48221
(42.4383300003, -83.1430929999)"
100,Crockett Career and Technical Center,DPSCD, , ,0,0,9-12,CTC,#N/A, ,-,-,0,0,"571 Mack
Detroit 48201
(42.3509724647, -83.051784478)"
101,Pathways Academy Charter,DPSCD Charter,Detroit City School District,Innovation Educational Programs,0,290,7-12th,Middle/High,#N/A, ,-,8.7,0,8.7,"11340 E Jefferson
Detroit 48214
(42.3667869998, -82.9707270004)"
102,David Ellis Academy,DPSCD Charter,Detroit City School District,Bardwell Group,0,364,K-8,Elementary/Middle,11/3/1998, ,13.0,9.1,13,9.1,"18977 Schaefer
Detroit 48235
(42.4302469999, -83.1807730001)"
103,Pershing High School,EAA, , ,0,0,9-12,High,1/1/1900,Pershing,2.8,0.0,2.8,0,"18875 Ryan Rd
Detroit 48234
(42.4321909996, -83.0643219998)"
104,Davis Aerospace Technical High School at Golightly,DPSCD, , ,1071,152,9-12,High,1/1/1900, ,12.5,3.7,12.5,3.7,"900 Dickerson
Detroit 48234
(42.3699079999, -82.9512349999)"
105,Plymouth Educational Center,Charter,Central Michigan University,"HRE/Employees Only, Inc.",0,0,K-8,Elementary/Middle,9/5/1995, ,8.5,4.5,8.5,4.5,"1460 E Forest Ave
Detroit 48207
(42.3601969999, -83.0476370001)"
106,Davison Elementary-Middle School,DPSCD, , ,1051,658,K-8,Elementary/Middle,1/1/1900, ,28.8,21.5,28.8,21.5,"2800 E Davison St
Detroit 48212
(42.4120679997, -83.0689930002)"
107,Priest Elementary-Middle School,DPSCD, , ,1161,657,K-8,Elementary/Middle,1/1/1900, ,7.0,7.4,7,7.4,"7840 Wagner Ave
Detroit 48210
(42.3366640001, -83.143953)"
108,Denby High School,EAA, , ,0,0,9-12,High,1/1/1900,Denby,2.7,2.5,2.7,2.5,"12800 Kelly Rd
Detroit 48224
(42.4256229998, -82.9586589996)"
109,Pulaski Elementary-Middle School,DPSCD, , ,955,454,K-8,Elementary/Middle,1/1/1900, ,3.1,3.0,3.1,3,"19725 Strasburg St
Detroit 48205
(42.4413019998, -82.9991810004)"
110,Detroit Academy of Arts and Sciences,Charter,Oakland University,Self-managed,0,0,K-8,Elementary/Middle,9/2/1997, ,9.9,9.8,9.9,9.8,"2985 Jefferson Ave.
Detroit 48207
(42.3405759998, -83.0183599999)"
111,Randolph Career and Technical Center,DPSCD, , ,660,4,9-12,CTC,#N/A,Randolph CTC,-,-,0,0,"17101 Hubbell
Detroit 48235
(42.4175390002, -83.1914430002)"
112,Detroit Academy of Arts and Sciences Middle School,Charter,Oakland University,Self-managed,0,0,K-8,Elementary/Middle,9/1/2001, ,9.4,6.3,9.4,6.3,"3100 E Jefferson Ave
Detroit 48207
(42.340542, -83.018401)"
113,Regent Park Scholars Charter Academy,Charter,Lake Superior State University,National Heritage Academies,0,0,K-8,Elementary/Middle,9/6/2011, ,16.5,10.2,16.5,10.2,"15865 E. 7 Mile Rd.
Detroit 48205
(42.4360620001, -82.9575030003)"
114,Detroit Achievement Academy,Charter,Grand Valley State University,Expeditionary Learning,0,0,K-3,Elementary,7/1/2013, ,-,47.2,0,47.2,"7000 Outer Drive
Detroit 48223
(42.4200854, -83.2007772004)"
115,Renaissance High School,DPSCD, , ,1169,1155,9-12,High,1/1/1900, ,48.4,28.1,48.4,28.1,"6565 Outer Dr
Detroit 48235
(42.4181800001, -83.1949320001)"
116,Detroit Christian Schools of Excellence,Independent, ,Detroit Christian Schools of Excellence,0,0,K-12,All Grades,9/27/2013, ,-,-,0,0,"19370 Greenfield
Detroit 48235
(42.4315169346, -83.1978674974)"
117,Robeson / Malcolm X Academy,DPSCD, , ,750,371,K-8,Elementary/Middle,1/1/1900, ,9.0,6.6,9,6.6,"2585 Grove
Detroit 48221
(42.4146510001, -83.1274010003)"
118,West Side Academy of Information Technology and Cyber Security,DPSCD, , ,419,516,9-12,High,9/1/2001, ,2.5,5.6,2.5,5.6,"4701 McKinley
Detroit 48208
(42.3420989999, -83.1033019996)"
119,Rosa Parks Academy,Independent, , ,0,0,K-8,Elementary/Middle,4/18/2001, ,-,-,0,0,"8913 Westfield St
Detroit 48204
(42.363944, -83.1572109999)"
120,Detroit Collegiate Preparatory High School at Northwestern,DPSCD, , ,1835,561,9-12,High,1/1/1900, ,4.5,1.6,4.5,1.6,"2200 West Grand Blvd
Detroit 48208
(42.3583059999, -83.1030650003)"
121,Ross-Hill Academy-Elementary,DPSCD Charter,Detroit City School District,777 Management Company,0,138,K-8,Elementary/Middle,11/3/1998, ,10.5,12.6,10.5,12.6,"3111 Elmwood St
Detroit 48207
(42.3564180001, -83.0259320002)"
122,Detroit Community Schools-Elementary,Charter,Bay Mills Community College,Midwest Management,0,0,K-8,Elementary/Middle,9/1/2005, ,11.0,7.5,11,7.5,"12675 Burt Rd
Detroit 48223
(42.3804050001, -83.2473940002)"
123,Rutherford Winans Academy,DPSCD Charter,Detroit City School District,Solid Rock,0,209,K-8,Elementary/Middle,9/1/2001, ,14.1,8.6,14.1,8.6,"16411 Curtis St
Detroit 48235
(42.422545, -83.2097859998)"
124,Detroit Community Schools-High School,Charter,Bay Mills Community College,Midwest Management,0,0,9-12,High,6/2/1997, ,10.0,0.9,10,0.9,"12675 Burt Rd
Detroit 48223
(42.3804050001, -83.2473940002)"
125,Ryan Correctional Facility,MDOC, , ,0,0,Adult,Alternative,#N/A, ,-,-,0,0,"17600 Ryan Rd
Detroit 48212
(42.4223920001, -83.0623359999)"
126,Detroit Cristo Rey High School,Independent, , ,0,0,9-12,High,8/28/2008, ,-,-,0,0,"5679 Vernor Hwy
Detroit 48209
(42.3167530002, -83.102609)"
127,Sampson-Webber Academy,DPSCD, , ,1101,299,K-8,Elementary/Middle,1/1/1900, ,2.9,2.3,2.9,2.3,"4700 Tireman
Detroit 48204
(42.3538539997, -83.1184419999)"
128,Detroit Delta Preparatory Academy for Social Justice,Charter,Ferris State University,Equity Education Management Solutions,0,0,9-10th,High,#N/A, ,-,1.8,0,1.8,"3550 John C. Lodge Fwy
Detroit 48201
(42.344246, -83.0673469999)"
129,Schulze Academy of Technology and Arts,DPSCD, , ,749,492,K-8,Elementary/Middle,1/1/1900, ,5.4,3.9,5.4,3.9,"10700 Santa Maria
Detroit 48221
(42.4189299996, -83.1682730001)"
130,Detroit Edison Public School Academy,Charter,Oakland University,New Paradigm for Education,0,0,K-12,All Grades,9/18/1998, ,42.0,44.5,42,44.5,"1903 Wilkins
Detroit 48207
(42.3516790001, -83.0375610004)"
131,Southeastern High School,EAA, , ,0,0,9-12,High,1/1/1900,Southeastern,2.8,1.0,2.8,1,"3030 Fairview St
Detroit 48214
(42.3747710002, -82.9784290003)"
132,Detroit Enterprise Academy,Charter,Grand Valley State University,National Heritage Academies,0,0,K-8,Elementary/Middle,8/24/2004, ,21.5,19.2,21.5,19.2,"11224 Kercheval
Detroit 48214
(42.3685949996, -82.972807)"
133,Southwest Detroit Community School,Charter,Grand Valley State University,"Lighthouse Academies, Inc",0,0,K-7,Elementary/Middle,7/1/2013, ,16.0,15.3,16,15.3,"4001 29th St
Detroit 48210
(42.3346039996, -83.1095259997)"
134,Detroit Innovation Academy,Charter,Central Michigan University,YMCA Education Services,0,0,K-8,Elementary/Middle,7/1/2012, ,5.6,7.8,5.6,7.8,"18211 Plymouth Rd.
Detroit 48228
(42.3704650004, -83.2180220001)"
135,Spain Elementary-Middle School,DPSCD, , ,693,434,K-8,Elementary/Middle,1/1/1900, ,5.9,7.1,5.9,7.1,"3700 Beaubien St
Detroit 48201
(42.3514300003, -83.0523259996)"
136,Cody - Detroit Institute of Technology College Prep High School,DPSCD, , ,0,0,9-12,High,7/1/2009, ,5.4,1.7,5.4,1.7,"18445 Cathedral
Detroit 48228
(42.3607799998, -83.2212329998)"
137,Stewart Elementary,EAA Charter,Education Achievement System-EAS,Performance Academies,0,0,K-8,Elementary/Middle,1/1/1900, ,5.9,10.3,5.9,10.3,"13120 Wildemere St
Detroit 48238
(42.3897388743, -83.124907741)"
138,Detroit International Academy for Young Women,DPSCD, , ,1303,394,K-12,All Grades,8/1/2009, ,7.9,6.2,7.9,6.2,"9026 Woodward
Detroit 48202
(42.3826629999, -83.0807300001)"
139,Tawheed Center of Detroit School,Independent, , ,0,0,K-8,Elementary/Middle,10/1/2001, ,-,-,0,0,"18624 W Warren Ave
Detroit 48228
(42.343506, -83.2225510003)"
140,Detroit Leadership Academy Elementary,Charter,Central Michigan University,Y Educational Services,0,0,K-8,Elementary/Middle,9/7/2010, ,7.7,8.2,7.7,8.2,"13550 Virgil
Detroit 48223
(42.3843739997, -83.2707249997)"
141,Temple of Faith Baptist School,Independent, , ,0,0,K-8,Elementary/Middle,1/1/1900, ,-,-,0,0,"9351 Forrer St
Detroit 48228
(42.3645449999, -83.2008240002)"
142,Detroit Leadership Academy Middle/High,Charter,Central Michigan University,Y Educational Services,0,0,K-12,All Grades,7/1/2013, ,2.5,5.6,2.5,5.6,"13550 Virgil St
Detroit 48223
(42.3844460003, -83.2708000004)"
143,The James and Grace Lee Boggs School,Charter,Eastern Michigan University,Nataki Educaitonal Services,0,0,K-5,Elementary,7/1/2013, ,21.2,20.5,21.2,20.5,"4141 Mitchell St
Detroit 48207
(42.3608680003, -83.0329760003)"
144,Detroit Merit Charter Academy,Charter,Grand Valley State University,National Heritage Academies,0,0,K-8,Elementary/Middle,10/10/2002, ,28.1,32.4,28.1,32.4,"1091 Alter Rd
Detroit 48215
(42.3759529998, -82.9408520004)"
145,Thirkell Elementary-Middle School,DPSCD, , ,619,645,K-8,Elementary/Middle,1/1/1900, ,5.5,5.2,5.5,5.2,"7724 14th St
Detroit 48206
(42.3665899997, -83.096719)"
146,Detroit Premier Academy,Charter,Grand Valley State University,National Heritage Academies,0,0,K-8,Elementary/Middle,8/31/2005, ,13.2,21.6,13.2,21.6,"7781 Asbury Park
Detroit 48228
(42.3496340002, -83.2064810003)"
147,Timbuktu Academy of Science and Technology,DPSCD Charter,Detroit City School District,Self-managed,0,347,K-12,All Grades,9/8/1997, ,8.3,6.2,8.3,6.2,"10800 E. Canfield
Detroit 48214
(42.3806580001, -82.9858479998)"
148,Detroit Public Safety Academy,Charter,Eastern Michigan University,Leona Group,0,0,7-12th,Middle/High,7/1/2013, ,7.4,4.4,7.4,4.4,"1250 Rosa Parks Blvd.
Detroit 48216
(42.3250670004, -83.0676310004)"
149,Trix Elementary,EAA Charter,Education Achievement System-EAS,Performance Academies,0,0,K-8,Elementary/Middle,1/1/1900, ,7.7,10.2,7.7,10.2,"13700 Bringard Dr
Detroit 48205
(42.4453599999, -82.983766)"
150,Detroit School of Arts,DPSCD, , ,1296,495,9-12,High,1/1/1900, ,11.1,4.0,11.1,4,"123 Selden St
Detroit 48201
(42.3486709999, -83.0608899998)"
151,Turning Point Academy,DPSCD, , ,619,65,K-12,All Grades,7/1/2007, ,-,7.7,0,7.7,"12300 Linnhurst St
Detroit 48205
(42.4303700002, -82.9989719998)"
152,Detroit Service Learning Academy,Charter,Lake Superior State University,Elite School Management,0,0,K-8,Elementary/Middle,9/1/1999, ,10.1,8.5,10.1,8.5,"21605 W 7 Mile Rd.
Detroit 48219
(42.4283660004, -83.2564820002)"
153,"Banks, Diann Williamson Center",DPSCD, , ,0,71,9-12,High,7/1/2004, ,-,-,0,0,"5020 Cadieux
Detroit 48224
(42.4078510004, -82.9289229998)"
154,Universal Academy,Charter,Oakland University,"Hamadeh Educational Services, Inc.",0,0,K-12,All Grades,11/3/1998, ,20.4,9.0,20.4,9,"4833 Ogden St
Detroit 48210
(42.3280700004, -83.1455610004)"
155,Dixon Educational Learning Academy,DPSCD, , ,914,507,K-8,Elementary/Middle,1/1/1900, ,7.1,4.2,7.1,4.2,"8401 Trinity
Detroit 48228
(42.3545910004, -83.2478739999)"
156,University of Detroit Jesuit High School Academy,Independent, , ,0,0,7-12,High,1/1/1900, ,-,-,0,0,"8400 S Cambridge Ave
Detroit 48221
(42.4327949996, -83.1543189996)"
157,Dossin Elementary-Middle School,DPSCD, , ,489,364,K-8,Elementary/Middle,1/1/1900, ,3.0,4.9,3,4.9,"16650 Glendale
Detroit 48227
(42.3825229997, -83.2108280002)"
158,University Preparatory Academy (PSAD) - Elementary,Charter,Grand Valley State University,Detroit 90/90,0,0,K-5,Elementary,7/1/2008, ,24.6,15.6,24.6,15.6,"957 Holden St
Detroit 48202
(42.3618860004, -83.0772650004)"
159,Douglass Academy for Young Men,DPSCD, , ,1302,165,K-12,All Grades,1/1/1900, ,3.1,6.1,3.1,6.1,"2001 W Warren Ave
Detroit 48208
(42.3493329998, -83.0837479999)"
160,University Preparatory Academy (PSAD) - Middle,Charter,Grand Valley State University,Detroit 90/90,0,0,6-8th,Middle,7/1/2008, ,18.9,14.4,18.9,14.4,"5310 St. Antoine
Detroit 48202
(42.3624110004, -83.0579099999)"
161,Dove Academy of Detroit,Charter,Oakland University,Choice Schools,0,0,K-8,Elementary/Middle,8/25/1997, ,16.0,20.0,16,20,"20001 Wexford St
Detroit 48234
(42.4414969998, -83.0664400003)"
162,University Preparatory Academy (PSAD) Elementary,Charter,Grand Valley State University,Detroit 90/90,0,0,K-5,Elementary,9/2/2008, ,26.0,21.1,26,21.1,"435 Amsterdam
Detroit 48202
(42.3655290003, -83.0730670001)"
163,Durfee Elementary-Middle School,DPSCD, , ,1561,472,K-8,Elementary/Middle,1/1/1900, ,4.7,4.1,4.7,4.1,"2470 Collingwood
Detroit 48206
(42.3820480003, -83.1107749998)"
164,University Preparatory Academy (PSAD)-High School,Charter,Grand Valley State University,Detroit 90/90,0,0,9-12,High,7/1/2008, ,16.7,13.0,16.7,13,"600 Antoinette
Detroit 48202
(42.3627699998, -83.0745540004)"
165,Earhart Elementary-Middle School,DPSCD, , ,1064,670,K-8,Elementary/Middle,8/1/2011, ,5.3,6.0,5.3,6,"1000 Scotten Ave
Detroit 48209
(42.316047, -83.0895739996)"
166,University Preparatory Science and Math - Elementary,Charter,Grand Valley State University,Detroit 90/90,0,0,K-5,Elementary,8/19/2013, ,22.5,22.4,22.5,22.4,"2251 Antietam Rd
Detroit 48207
(42.34805, -83.0314199996)"
167,East English Village Preparatory Academy,DPSCD, , ,1408,1606,9-12,High,7/1/2012, ,3.0,1.2,3,1.2,"17200 Southampton St
Detroit 48224
(42.4080499997, -82.9292169999)"
168,University Preparatory Science and Math (PSAD) High School,Charter,Grand Valley State University,Detroit 90/90,0,0,9-12,High,9/7/2010, ,16.1,15.4,16.1,15.4,"2664 Franklin
Detroit 48207
(42.3370740002, -83.0203069998)"
169,Detroit Lions Academy,DPSCD, , ,0,0,6-8th,Middle,9/1/2001, ,2.5,3.2,2.5,3.2,"10101 E Canfield
Detroit 48214
(42.3788520004, -82.9935659996)"
170,University Preparatory Science and Math (PSAD) Middle School,Charter,Grand Valley State University,Detroit 90/90,0,0,6-8th,Middle,9/2/2008, ,26.1,28.7,26.1,28.7,"5100 John R Rd
Detroit 48202
(42.3590839998, -83.0623119997)"
171,Edison Elementary School,DPSCD, , ,476,267,K-8,Elementary/Middle,1/1/1900, ,38.4,3.9,38.4,3.9,"17045 Grand River Ave
Detroit 48227
(42.3980449997, -83.2133280004)"
172,University Yes Academy,Charter,Bay Mills Community College,New Paradigm for Education,0,0,K-8,Elementary/Middle,9/7/2010, ,6.7,4.6,6.7,4.6,"14669 Curtis St
Detroit 48235
(42.4228070003, -83.1918160003)"
173,Ellington Conservatory of Music & Art at Beckham Academy,DPSCD, , ,1069,632,K-8,Elementary/Middle,1/1/1900, ,3.7,2.7,3.7,2.7,"9860 Park Drive
Detroit 48213
(42.4081810004, -82.9794919999)"
174,Vernor Elementary School,DPSCD, , ,428,226,K-6,Elementary,1/1/1900, ,8.1,7.0,8.1,7,"13726 Pembroke Ave
Detroit 48235
(42.4386630004, -83.1825409998)"
175,Emerson Elementary-Middle School,DPSCD, , ,1586,594,K-8,Elementary/Middle,1/1/1900, ,4.7,4.2,4.7,4.2,"18240 Huntington Rd
Detroit 48219
(42.423268, -83.2326029998)"
176,Voyageur Academy,Charter,Ferris State University,American Promise Schools,0,0,K-6,Elementary/Middle,8/19/1998, ,11.4,16.3,11.4,16.3,"4321 Military Street
Detroit 48210
(42.332331, -83.1201850002)"
177,Escuela Avancemos,DPSCD Charter,Detroit City School District,"Sanga Consulting, Inc.",0,240,K-8,Elementary/Middle,7/1/2012, ,4.3,5.2,4.3,5.2,"3811 Cicotte St
Detroit 48210
(42.3281090004, -83.1221140002)"
178,Voyageur College Prep,Charter,Ferris State University,American Promise Schools,0,0,7-12th,Middle/High,9/1/2002, ,2.7,7.4,2.7,7.4,"4366 Military
Detroit 48210
(42.3328670004, -83.1195590001)"
179,Evergreen Lutheran School,Independent, , ,0,0,K-8,Elementary/Middle,1/1/1900, ,-,-,0,0,"8680 Evergreen Ave
Detroit 48228
(42.3566429997, -83.2356439998)"
180,Detroit Waldorf School,Independent, , ,0,0,K-8,Elementary/Middle,1/1/1900, ,-,-,0,0,"2555 Burns Ave
Detroit 48214
(42.3644059997, -82.9978140003)"
181,"Field, Moses",DPSCD, , ,293,103,K-8,Elementary/Middle,9/1/2001, ,-,-,0,0,"1100 Sheridan St
Detroit 48214
(42.3524840003, -83.0014210003)"
182,Warrendale Charter Academy,Charter,Grand Valley State University,National Heritage Academies,0,0,K-8,Elementary/Middle,9/1/2001, ,13.1,9.6,13.1,9.6,"19400 Sawyer Streeet
Detroit 48228
(42.3475890003, -83.2303179997)"
183,Fisher Magnet Lower Academy,DPSCD, , ,1088,584,K-4,Elementary,7/1/2002, ,4.2,4.4,4.2,4.4,"15510 E State Fair Ave
Detroit 48205
(42.4422480002, -82.9616970003)"
184,W-A-Y Academy - Chicago Site,Charter,Lake Superior State University,WAY - Widening Advancement for Youth,0,0,K-12,All Grades,7/1/2013, ,4.6,7.1,4.6,7.1,"19321 W Chicago St
Detroit 48228
(42.3638999998, -83.230287)"
185,Fisher Magnet Upper Academy,DPSCD, , ,866,451,5-8,Middle,8/18/2003, ,2.9,2.7,2.9,2.7,"15491 Maddelein Street
Detroit 48205
(42.4372600004, -82.9618239999)"
186,W-A-Y Academy - Vernor Site,Charter,Lake Superior State University,WAY - Widening Advancement for Youth,0,0,9-12,High,7/1/2012, ,7.9,5.9,7.9,5.9,"8701 Vernor Hwy
Detroit 48209
(42.3090599997, -83.1327460003)"
187,Flagship Charter Academy,Charter,Central Michigan University,National Heritage Academies,0,0,K-8,Elementary/Middle,9/4/2007, ,18.9,13.7,18.9,13.7,"13661 Wisconsin
Detroit 48238
(42.3881110002, -83.1565550002)"
188,Wayne Elementary School,DPSCD, , ,606,282,K-5,Elementary,1/1/1900, ,5.6,5.3,5.6,5.3,"10633 Courville
Detroit 48224
(42.4156310004, -82.9562570004)"
190,Weston Preparatory Academy,Charter,Oakland University,CS Partners,0,0,K-8,Elementary/Middle,9/1/1998, ,15.2,13.1,15.2,13.1,"22930 Chippewa
Detroit 48219
(42.4390540004, -83.2701700001)"
191,Ford High School,EAA, , ,0,0,9-12,High,1/1/1900,Ford,2.3,3.1,2.3,3.1,"20000 Evergreen Rd
Detroit 48219
(42.4393299997, -83.2375339997)"
192,Foreign Language Immersion and Cultural Studies,DPSCD, , ,1037,698,K-8,Elementary/Middle,1/1/1900, ,22.7,22.7,22.7,22.7,"6501 W Outer Drive
Detroit 48235
(42.4193459999, -83.1910819997)"
193,Westside Christian Academy,Independent, , ,0,0,K-12,All Grades,1/1/1900, ,-,-,0,0,"9540 Bramell St
Detroit 48239
(42.3650909998, -83.2625250001)"
194,Friends School in Detroit,Independent, , ,0,0,K-8,Elementary/Middle,1/1/1900, ,-,-,0,0,"1100 St Aubin St
Detroit 48207
(42.340853, -83.0299809998)"
195,Winans Academy Middle School,Charter,Saginaw Valley State University,Solid Rock,0,0,K-8,Elementary/Middle,9/2/2008, ,13.8,9.1,13.8,9.1,"7616 Nevada Ave
Detroit 48234
(42.426426, -83.0258609996)"
196,Frontier International Academy,Charter,Bay Mills Community College,Global Education Excellence,0,0,9-12th,High,#N/A, ,22.0,14.3,22,14.3,"13200 Conant St
Detroit 48212
(42.4124749996, -83.0578400003)"
197,Woodward Academy,Charter,Central Michigan University,"Midwest Management Group, Inc. / Renaissance School Services, LLC",0,0,K-8,Elementary/Middle,9/3/1996, ,7.5,6.1,7.5,6.1,"951 E. Lafayette
Detroit 48207
(42.3371960004, -83.0374719999)"
198,Gardner Elementary School,DPSCD, , ,397,230,K-5,Elementary,1/1/1900, ,3.5,8.7,3.5,8.7,"6528 Mansfield St
Detroit 48228
(42.3394900001, -83.2017000002)"
199,Wright Academy of Arts and Science,DPSCD, , ,739,471,K-4,Elementary,7/1/2002, ,34.2,22.5,34.2,22.5,"19299 Berg
Detroit 48219
(42.432296, -83.2686249999)"
200,Garvey Academy,DPSCD, , ,1080,397,K-8,Elementary/Middle,1/1/1900, ,7.5,10.4,7.5,10.4,"2301 Van Dyke
Detroit 48214
(42.3593179998, -83.0017999998)"
201,"Young, Coleman A. Elementary",DPSCD, , ,718,336,K-5,Elementary,1/1/1900, ,2.7,7.0,2.7,7,"15771 Hubbell Ave
Detroit 48227
(42.4063359998, -83.1896290002)"
202,Fleming Early Learning Neighborhood Center,DPSCD, , ,0,0,Pre-K,Early Ed,#N/A, ,-,-,0,0,"18501 Waltham St
Detroit 48205
(42.4301619996, -82.994726)"
203,GEE Edmonson Academy,DPSCD Charter,Detroit City School District,Global Educational Excellence,0,217,K-8,Elementary/Middle,9/6/2011, ,7.2,8.7,7.2,8.7,"1300 W Canfield St
Detroit 48201
(42.3491739997, -83.074527)"
204,Adult Ed - East,DPSCD, , ,0,0,Adult Ed,Alternative,#N/A, ,-,-,0,0,"13840 Lappin St
Detroit 48205
(42.436879, -82.982538)"
205,GEE White Academy,DPSCD Charter,Detroit City School District,Global Educational Excellence,0,433,K-8,Elementary/Middle,9/6/2011, ,8.7,9.4,8.7,9.4,"5161 Charles St
Detroit 48212
(42.41225, -83.0490980001)"
206,Adult Ed - West,DPSCD, , ,0,0,Adult Ed,Alternative,#N/A, ,-,-,0,0,"16164 Asbury Park
Detroit 48235
(42.409168, -83.2083579996)"
207,George Crockett Academy,Charter,Northern Michigan University,Leona Group,0,0,K-8,Elementary/Middle,8/19/1998, ,15.7,10.6,15.7,10.6,"4851 14th Street
Detroit 48208
(42.3490609999, -83.0870700002)"
208,New Paradigm College Prep,Charter,Grand Valley State University,New Paradigm for Education,0,0,K-5,Elementary, , ,-,42.3,0,42.3,"2450 S Beatrice
Detroit 48217
(42.2694641999, -83.1537208003)"
209,Gesu Elementary School,Independent, , ,0,0,K-8,Elementary/Middle,1/1/1900, ,-,-,0,0,"17139 Oak Dr
Detroit 48221
(42.4178490001, -83.1383630004)"
210,Pathways Global Leadership Academy,Charter,Grand Valley State University,Pathways Global Institutes,0,0,K-5,Elementary, , ,-,-,0,0,"556 Custer St
Detroit 48204
(42.3743835003, -83.0674062004)"
211,Giving Tree Montessori School,Independent, , ,0,0,K-6,Elementary,1/1/1900, ,-,-,0,0,"4351 Marseilles St
Detroit 48224
(42.4040099996, -82.9182490004)"
212,Blanche Kelso Bruce Academy - Bowman House,Charter,Wayne RESA,Evans Solutions,0,0,5-12th,Middle/High, , ,-,-,0,0,"17200 Rowe
Detroit 48205
(42.4218354996, -83.0028342003)"
213,Golightly Career and Technical Center,DPSCD, , ,0,0,9-12,CTC,#N/A, ,-,-,0,0,"7340 Inselruhe
Detroit 48207
(42.3699079999, -82.9512349999)"
214,Joy Preparatory Academy,Charter,Ferris State University,Leona Group,0,0,PreK-2,Elementary, , ,-,-,0,0,"1129 Oakman Blvd
Detroit 48238
(42.4007359163, -83.1174500162)"
215,Golightly Education Center,DPSCD, , ,1054,360,K-8,Elementary/Middle,1/1/1900, ,20.0,18.3,20,18.3,"5536 Saint Antoine St
Detroit 48202
(42.3646769996, -83.059823)"
216,Gompers Elementary-Middle School,DPSCD, , ,1064,773,K-8,Elementary/Middle,1/1/1900, ,7.8,6.5,7.8,6.5,"14450 Burt Rd
Detroit 48223
(42.3922179999, -83.2462299996)"
217,Detroit Prep Academy,Charter,Grand Valley State University,Self-managed,0,0,K-1,Elementary,9/1/2016, ,-,-,0,0,"2411 Iroquois Ave
Detroit 48214
(42.3621481216, -82.9973811905)"
218,Grandmont Rosedale Park Christian School,Independent, , ,0,0,K-6,Elementary,1/1/1900, ,-,-,0,0,"15350 Southfield Fwy
Detroit 48223
(42.402206, -83.2174780002)"
219,A. Phillip Randolph Technical High School,DPSCD, , ,660,118,9-12,High,#N/A,Randolph,-,-,0,0,"17101 Hubbell
Detroit 48235
(42.4175390002, -83.1914430002)"
220,Greenfield Union Elementary-Middle School,DPSCD, , ,893,301,K-8,Elementary/Middle,1/1/1900, ,4.3,3.4,4.3,3.4,"420 W Seven Mile Rd
Detroit 48203
(42.432589, -83.1077640003)"
221,Academy of the Americas High School,DPSCD, , ,0,29,9-12,High,2015,AoA High,-,-,0,0,"2635 Howard St
Detroit 48216
(42.3208976418, -83.0762624379)"
222,Hamilton Academy,DPSCD Charter,Detroit City School District,"Educational Partnerships, Inc.",0,274,K-8,Elementary/Middle,9/6/2011, ,3.8,3.7,3.8,3.7,"14223 Southampton St
Detroit 48213
(42.3986129998, -82.9629359999)"
223,Beard Early Learning Neighborhood Center,DPSCD, , ,0,0,Pre-K,Early Ed,#N/A,Beard,-,-,0,0,"840 Waterman St
Detroit 48209
(42.3064376283, -83.1092887519)"
224,Harms Elementary School,DPSCD, , ,687,410,K-5,Elementary,1/1/1900, ,16.9,16.7,16.9,16.7,"2400 Central Ave
Detroit 48209
(42.3143160002, -83.1249080004)"
225,Edmonson - DPSCD Foundation for Early Learners PK,DPSCD, , ,0,0,Pre-K,Early Ed, ,Edmonson PreK,-,-,0,0,"1300 West Canfield St
Detroit 48201
(42.3491739997, -83.074527)"
226,Hazel Park Empowerment Eastside Alternative School,"Hazel Park, School District of the City of", , ,0,0,9-12,High,9/4/2012, ,-,-,0,0,"2328 E Seven Mile Rd
Detroit 48234
(42.4326579996, -83.0786300004)"
227,Rutherford - DPSCD Foundation for Early Learners PK,DPSCD, , ,0,0,Pre-K,Early Ed, ,Rutherford PreK,-,-,0,0,"16411 Curtis St
Detroit 48235
(42.4215221889, -83.2097929174)"
228,Hazel Park Empowerment Impact Alternative School,"Hazel Park, School District of the City of", , ,0,0,9-12,High,9/4/2012, ,-,-,0,0,"4321 Oakman
Detroit 48204
(42.3717189997, -83.1510449997)"
229,Loving - DPSCD Foundation for Early Learners PK,DPSCD, , ,0,0,Pre-K,Early Ed, , ,-,-,0,0,"1000 Lynn St
Detroit 48211
(42.3910216726, -83.075386997)"
230,Hazel Park Empowerment Ser Metro Alternative School,"Hazel Park, School District of the City of", , ,0,0,9-12,High,9/4/2012, ,-,-,0,0,"9215 Michigan Ave
Detroit 48210
(42.3279140004, -83.1539840004)"
231,White - DPSCD Foundation for Early Learners PK,DPSCD, , ,0,0,Pre-K,Early Ed, , ,-,-,0,0,"5161 Charles St
Detroit 48212
(42.4125457529, -83.0489400649)"
232,Hazel Park Empowerment West Alternative School,"Hazel Park, School District of the City of", , ,0,0,9-12,High,9/4/2012, ,-,-,0,0,"9600 Mettetal St
Detroit 48227
(42.3658990002, -83.2057610004)"
233,Allen Baptist School,Independent, , ,0,0,P-K,Early Ed, , ,-,-,0,0,"16801 Schoolcraft
Detroit 48227
(42.3859376982, -83.2119262107)"
234,Henderson Academy,DPSCD, , ,1013,687,K-8,Elementary/Middle,7/1/2009, ,2.7,3.5,2.7,3.5,"16101 W Chicago Ave
Detroit 48228
(42.3646419998, -83.2051269999)"
235,Benjamin E. Mays Male Academy,Independent, , ,0,0,K-6,Elementary, , ,-,-,0,0,"3544 Iroquois St
Detroit 48214
(42.3686751557, -83.0010519513)"
236,Henry Ford Academy: School for Creative Studies (PSAD),Charter,Grand Valley State University,"Creative Urban Education, Inc.",0,0,6-12th,Middle/High,9/8/2009, ,13.4,11.9,13.4,11.9,"485 Milwaukee Ave
Detroit 48202
(42.3678409999, -83.0753280001)"
237,Children's Village,Independent, , ,0,0,PK-K,Early Ed, , ,4.4,-,4.4,0,"14901 Meyers Rd
Detroit 48227
(42.3990419847, -83.1695201959)"
238,Henry Ford Academy:School for Creative Studies-Elementary,Charter,Grand Valley State University,Henry Ford Learning Institute,0,0,K-5,Elementary,9/4/2012, ,19.6,12.4,19.6,12.4,"10225 Third St
Detroit 48202
(42.386546, -83.0925130003)"
239,First Step Academy,Independent, , ,0,0,PreK,Early Ed, , ,-,-,0,0,"18113 West Chicago
Detroit 48228
(42.3646039564, -83.2172343334)"
240,"Holmes, A.L. Elementary-Middle School",DPSCD, , ,813,498,K-8,Elementary/Middle,1/1/1900, ,5.9,6.1,5.9,6.1,"8950 Crane St
Detroit 48213
(42.3945110004, -83.0143949996)"
241,Holy Redeemer Elementary School,Independent, , ,0,0,K-8,Elementary/Middle,1/1/1900, ,-,-,0,0,"1711 Junction St
Detroit 48209
(42.31634, -83.1011629999)"
242,Muhammad University of Islam,Independent, , ,0,0,K-12,All, , ,-,-,0,0,"14880 Wyoming St
Detroit 48238
(42.3991104026, -83.1592913812)"
243,People's Missionary Baptist,Independent, , ,0,0,PreK,Early Ed, , ,-,-,0,0,"3000 McDougall St
Detroit 48207
(42.3550796462, -83.0271456123)"
244,WAY Michigan,Charter,Central Michigan University,WAY - Widening Advancement for Youth,0,0,6-12,Middle/High,2014, ,20.5,-,20.5,0,"407 E. Fort St
Detroit 48226
(42.3330774761, -83.0422111994)"
